﻿<?xml version="1.0" encoding="UTF-8"?>
<addon id="plugin.video.zona.mobi" version="0.1.5" name="ZONA.mobi" provider-name="vl.maksime">
    <requires>
        <import addon="xbmc.python" version="2.1.0"/>
        <import addon="script.module.requests" version="2.12.4"/>
        <import addon="script.module.simpleplugin" version="2.2.0"/>
    </requires>
    <extension point="xbmc.python.pluginsource" library="default.py">
        <provides>video</provides>
    </extension>
    <extension point="xbmc.addon.metadata">
        <summary lang="en">Movies and TV Shows online</summary>
        <summary lang="ru">Фильмы и Сериалы онлайн</summary>
        <description lang="en"></description>
        <description lang="ru"></description>
        <disclaimer lang="en"></disclaimer>
        <disclaimer lang="ru"></disclaimer>
        <language>ru</language>
        <platform>all</platform>
        <license>GNU GENERAL PUBLIC LICENSE. Version 3, 29 June 2007</license>
        <forum>http://xbmc.ru/forum/showthread.php?t=14529</forum>
        <website>https://zona.mobi/</website>
        <email>vl.maksime@gmail.com</email>
        <source>https://github.com/vlmaksime/plugin.video.zona.mobi</source>
        <news>v0.1.5 (2017-09-07)[CR]- Исправление ошибок</news>
        <assets>
            <icon>icon.png</icon>
            <screenshot>resources\media\screenshot-01.jpg</screenshot>
            <screenshot>resources\media\screenshot-02.jpg</screenshot>
            <screenshot>resources\media\screenshot-03.jpg</screenshot>
        </assets>
    </extension>
</addon>