<?xml version="1.0" encoding="UTF-8" standalone="yes"?>
<addon id="plugin.video.giraffe.seasonvar"
       name="[COLOR FF7B68EE]giraffe.[/COLOR][COLOR FFFFD700]Seasonvar[/COLOR]"
       version="0.2.6"
       provider-name="weirdgiraffe">
  <requires>
    <import addon="script.module.requests" version="2.12.4"/>
  </requires>
  <extension point="xbmc.python.pluginsource" library="main.py">
    <provides>video</provides>
  </extension>
  <extension point="xbmc.addon.metadata">
    <summary lang="en">giraffe. Seasonvar plugin.</summary>
    <description lang="en">Simply play episodes from seasonvar.ru. Got an issue? - Check addon page at https://github.com/weirdgiraffe/plugin.video.giraffe.seasonvar</description>
    <platform>all</platform>
    <language>en</language>
    <disclaimer> report any issues with this addon to giraffe@cyberzoo.xyz</disclaimer>
  </extension>
</addon>
